name,description,url-href,price,reviews,activeCategory,image-src
Product Tabs M2,Drive customers to purchase faster by providing additional information in handy tabs with Magento 2 Product Tabs extension. Quickly create custom tabs without special knowledge and embed them on product pages to maximize the number of purchases.,https://amasty.com/product-tabs-for-magento-2.html,$149,4.8,User Experience,https://amasty.com/v1587666071/media/catalog/product/p/r/product-tabs-for-magento-2.svg
Extended Order Grid M2,"Increase your order grid functionality - add customer, product, shipping or billing attributes to see only relevant order info and rapidly search for orders.",https://amasty.com/extended-order-grid-for-magento-2.html,$119,5,Order Management,https://amasty.com/v1587651669/media/catalog/product/e/x/extended-order-grid-for-magento-2_1.svg
Advanced Search M2,Make the search process as easy as it can be with Magento 2 Advanced Search. Help customers instantly find the products they need. Flexibly customize the autocomplete popup.,https://amasty.com/advanced-search-for-magento-2.html,$199,5,Navigation & Search,https://amasty.com/v1587651669/media/catalog/product/a/d/advanced-search-for-magento-2.svg
One Step Checkout M2,Supply your Magento 2 store with a user-friendly One Step Checkout to speed up the whole shopping process and heavily enhance customer satisfaction. Create converting checkout just in a few clicks to boost store revenue.,https://amasty.com/one-step-checkout-for-magento-2.html,$299,5,Checkout,https://amasty.com/v1587651669/media/catalog/product/o/n/one-step-checkout-for-magento-2.svg
Lazy Load M2,Speed up the loading time of your site pages with Magento 2 Lazy Load. Improve your site performance by loading product images by demand!,https://amasty.com/lazy-load-for-magento-2.html,$259,null,User Experience,https://amasty.com/v1587666071/media/catalog/product/l/a/lazy-load-for-magento-2.svg
Automatic Related Products M2,Dynamically showcase related items in your webstore to help customers easily find necessary products and complete the order. Boost store revenue by setting up smart product recommendations with Magento 2 Related Products!,https://amasty.com/automatic-related-products-for-magento-2.html,$299,4.9,Customers' Data,https://amasty.com/v1587651669/media/catalog/product/a/u/automatic-related-products-for-magento-2.svg
Follow Up Email M2,Generate and send numerous triggered emails based on customer activity to build productive relationships with clients and increase the number of repeated purchases. Customize email templates and effectively manage emails dispatch.,https://amasty.com/follow-up-email-for-magento-2.html,$299,5,Customers' Data,https://amasty.com/v1587651669/media/catalog/product/f/o/follow-up-email-for-magento-2.svg
Shop by Brand M2,Support your customers in their desire to navigate store in search for the favorite brands. Let shoppers filter products by brands to spend less time on reaching the goods they are looking for.,https://amasty.com/shop-by-brand-for-magento-2.html,$129,5,Navigation & Search,https://amasty.com/v1587651669/media/catalog/product/s/h/shop-by-brand-for-magento-2_1.svg
Admin Actions Log M2,Magento 2 Admin Actions log is designed to enhance your store security and protect data from possible hacker and other malicious attacks. Get complete visibility of every change made in your store admin panel!,https://amasty.com/admin-actions-log-for-magento-2.html,$249,4.8,Order Management,https://amasty.com/v1587651669/media/catalog/product/a/d/admin-actions-log-for-magento-2.svg
Jet Theme M2,Attract more customers with trendy and super-responsive design. Keep the performance high and enjoy using other extensions avoiding any compatibility conflicts.,https://amasty.com/jet-theme-for-magento-2.html,null,null,User Experience,https://amasty.com/v1587666071/media/catalog/product/c/u/custom-design-theme-for-magento-2.svg
Advanced Product Reviews M2,Build up trust in your business with Magento 2 Product Reviews. Engage customers and boost sales with user-generated reviews and get higher search ranking position.,https://amasty.com/advanced-product-reviews-for-magento-2.html,$199,4.9,Product Page Improvement,https://amasty.com/v1587651669/media/catalog/product/a/d/advanced-product-reviews-for-magento-2_2.svg
Follow Up Email M2,Generate and send numerous triggered emails based on customer activity to build productive relationships with clients and increase the number of repeated purchases. Customize email templates and effectively manage emails dispatch.,https://amasty.com/follow-up-email-for-magento-2.html,$299,5,Promotions,https://amasty.com/v1587658870/media/catalog/product/f/o/follow-up-email-for-magento-2.svg
Subscriptions & Recurring Payments M2,Grow revenue by selling products on the subscription basis and getting sustainable recurring payments with Magento 2 Subscription extension.,https://amasty.com/subscriptions-recurring-payments-for-magento-2.html,$399,4.7,Checkout,https://amasty.com/v1587651669/media/catalog/product/s/u/subscriptions-_-recurring-payments-gift-for-magento-2.svg
Import and Export M2,"Import and Export for Magento 2 is an all-in-one tool for a convenient store data migration, smooth connection with the ERP/CRM systems and making regular stock updates. The extension allows you to import/export any existing entity to/from Magento.",https://amasty.com/import-and-export-for-magento-2.html,null,null,B2B Products,https://amasty.com/v1587666071/media/catalog/product/i/m/import-and-export-for-m2-for-magento-2.svg
Customers Also Bought M2,Increase an average cart value by automatically suggesting relevant products. Create flexible recommendations with the Magento 2 Frequently Bought Together extension to promote products according to your business needs and boost sales.,https://amasty.com/magento-2-customers-also-bought.html,$299,4.8,User Experience,https://amasty.com/v1587666071/media/catalog/product/c/u/customers-also-bought-for-magento-2.svg
Mega Menu M2,Improve customer shopping experience by providing a fast and flexible access across your webstore pages. Employ Magento 2 Mega Menu extension to create attractive and dynamic navigation menu without any technical skills.,https://amasty.com/mega-menu-for-magento-2.html,$199,4.8,Navigation & Search,https://amasty.com/v1587651669/media/catalog/product/m/e/mega-menu-for-magento-2.svg
Advanced Permissions M2,"Easily manage multi-vendor stores by assigning custom role permissions to specific managers. Let them see and edit only particular products, categories, store views and websites.",https://amasty.com/advanced-permissions-for-magento-2.html,$229,4.4,Catalog Management,https://amasty.com/v1587666071/media/catalog/product/a/d/advanced-permissions-for-magento-2.svg
Full Page Cache Warmer M2,Ensure fast web-site browsing experience with Magento 2 Full Page Cache Warmer. Provide users a flawless store performance to top search rankings and attract more visitors.,https://amasty.com/full-page-cache-warmer-for-magento-2.html,$219,4.7,SEO,https://amasty.com/v1587651669/media/catalog/product/f/u/full-page-cache-warmer-for-magento-2_1.svg
Cron Scheduler M2,Increase revenue through a high site performance ensured by proper cron jobs processing. Efficiently track and manage all cron tasks running in the website background with Magento 2 Cron Scheduler extension.,https://amasty.com/cron-scheduler-for-magento-2.html,$99,4.7,User Experience,https://amasty.com/v1587666071/media/catalog/product/c/r/cron-scheduler-for-magento-2.svg
Special Promotions M2,Enrich your cart price rules list with 20 more promo actions. Run a great variety of exclusive promotions to easily attract customers' attention and increase sales.,https://amasty.com/special-promotions-for-magento-2.html,$279,5,Product Page Improvement,https://amasty.com/v1587651669/media/catalog/product/s/p/special-promotions-for-magento-2.svg
XML Google® Sitemap M2,Automatically generate XML Sitemaps in an efficient way. Let your web store communicate with the search engines quickly and properly.,https://amasty.com/xml-google-sitemap-for-magento-2.html,$99,5,SEO,https://amasty.com/v1587651669/media/catalog/product/x/m/xml-google-sitemap-for-magento-2.svg
Unique Product URL M2,Create unique product URLs to avoid situations when a product has multiple links to it. Settle the desired URL depth level to optimize the paths to your product pages and make them search engine friendly.,https://amasty.com/unique-product-url-for-magento-2.html,$109,5,SEO,https://amasty.com/v1587651669/media/catalog/product/u/n/unique-product-url-for-magento-2.svg
Reports for Free Gift (Add-On) M2,See the efficiency of your promo campaigns in one click with Reports for Free Gift for Magento 2 add-on. Get actionable insights on how special offers impact sales to timely manage your marketing strategy and save money.,https://amasty.com/reports-add-on-for-free-gift-for-magento-2.html,$79,null,Add-ons,https://amasty.com/v1587651669/media/catalog/product/f/r/free_gift_reports_add-on_for_free_gift_m2.svg
Subscriptions & Recurring Payments M2,Grow revenue by selling products on the subscription basis and getting sustainable recurring payments with Magento 2 Subscription extension.,https://amasty.com/subscriptions-recurring-payments-for-magento-2.html,$399,4.7,User Experience,https://amasty.com/v1587666071/media/catalog/product/s/u/subscriptions-_-recurring-payments-gift-for-magento-2.svg
Special Promotions Pro M2,Shape your discounts with clever conditions. Create promotions based on customers' info and purchase history. Use 20 actions to be sure that your promotions are unique and relevant.,https://amasty.com/special-promotions-pro-for-magento-2.html,$319,4.8,Promotions,https://amasty.com/v1587658870/media/catalog/product/s/p/special-promotions-pro-for-magento-2.svg
API for Product Attachments (Add-On) M2,Integrate product attachments with additional systems and extend your Magento 2 functionality using API support.,https://amasty.com/api-add-on-for-product-attachments-for-magento-2.html,$99,4,Add-ons,https://amasty.com/v1587651669/media/catalog/product/a/d/add-on-api-for-product-attachments-for-magento-2_2.svg
Price Slider & Filters M2,Increase your store conversion rate by improving the users’ filtering experience and thus speeding up the shopping process with Magento 2 Price Slider & Filters.,https://amasty.com/price-slider-filters-for-magento-2.html,$89,4.8,Navigation & Search,https://amasty.com/v1587651669/media/catalog/product/p/r/price-slider-_-filters-for-magento-2.svg
Admin Actions Log M2,Magento 2 Admin Actions log is designed to enhance your store security and protect data from possible hacker and other malicious attacks. Get complete visibility of every change made in your store admin panel!,https://amasty.com/admin-actions-log-for-magento-2.html,$249,4.8,Catalog Management,https://amasty.com/v1587666071/media/catalog/product/a/d/admin-actions-log-for-magento-2.svg
Customer Segmentation M2,"Accurately segment registered customers and guest visitors by orders, shipping addresses, shopping cart data and many other parameters. Use flexible rule conditions to create customer segments and automatically update segmentation lists by cron.",https://amasty.com/customer-segmentation-for-magento-2.html,$199,5,Customers' Data,https://amasty.com/v1587651669/media/catalog/product/c/u/customer-segmentation-for-magento-2.svg
Out of Stock Notification M2,Timely inform customers and guest visitors about product stock status and price changes with Magento 2 Out of Stock Notification. Better understand your customers preferences: quickly identify which products are highly demanded and timely refill them in your store!,https://amasty.com/out-of-stock-notification-for-magento-2.html,$199,4.8,Product Page Improvement,https://amasty.com/v1587651669/media/catalog/product/o/u/out-of-stock-notification-for-magento-2.svg
Cross-Sell / Upsell Products M2,"Increase trust in your shop by delivering offers with a higher value to customers. Use Magento 2 Cross Sells extension to increase the number of spontaneous purchases, average cart value, total sales and customer satisfaction.",https://amasty.com/magento-2-upsell-cross-sell-extension.html,$299,4.5,Product Page Improvement,https://amasty.com/v1587651669/media/catalog/product/u/p/upsell-cross-sell-extension-for-magento-2.svg
Custom Registration Fields M2,Get to know your clients better from the moment of registration. Add Magento 2 custom registration fields to forms at the New Customer Account and Shipping pages. Get reports on the fields and forms performance and analyze the data for further marketing strategy improvements.,https://amasty.com/magento-2-custom-registration-fields.html,$149,4.8,Customers' Data,https://amasty.com/v1587651669/media/catalog/product/c/u/custom-registration-fields-for-magento-2.svg
Stripe Payment M2,Provide your customers with a safe and seamless payment experience. Let your customers pay via a wide range of payment methods with no need to implement a custom integration endpoint for each one.,https://amasty.com/stripe-payment-for-magento-2.html,$199,5,Checkout,https://amasty.com/v1587651669/media/catalog/product/s/t/stripe-payment-for-magento-2.svg
Duplicate Categories M2,"Save your time on store management and duplicate Magento 2 categories in seconds. Use this tool for effective multi-store setup, too!",https://amasty.com/duplicate-categories-for-magento-2.html,$139,5,Catalog Management,https://amasty.com/v1587666071/media/catalog/product/d/u/duplicate-categories-for-magento-2.svg
Facebook Feed M2,Make advertising via Facebook Dynamic Ads easier by using this Magento 2 Facebook feed extension for quick and accurate product feed generation. Attract more customers to your Magento 2 store with always up-to-date info about your products on social media.,https://amasty.com/magento-2-facebook-feed.html,$199,4.7,SEO,https://amasty.com/v1587651669/media/catalog/product/f/a/facebook-feed-for-magento-2.svg
Two-Factor Authentication M2,"Add extra security level to boost data protection for your e-business. Prevent your store from the common Internet threats like keyloggers, data sniffing and unsecured wi-fi connections. Stay convinced that your Magento account is available only to your staff members.",https://amasty.com/two-factor-authentication-for-magento-2.html,$129,5,Catalog Management,https://amasty.com/v1587666071/media/catalog/product/t/w/two-factor-authentication-for-magento-2.svg
SEO Toolkit M2,"SEO Toolkit is the all-in-one Magento 2 SEO Extension designed to make your store stand out in Google Search. Maximize your Magento SEO effectiveness: make your store more visible in search results, get more organic traffic, increase your customer flow.",https://amasty.com/seo-toolkit-for-magento-2.html,$249,4.9,SEO,https://amasty.com/v1587651669/media/catalog/product/s/e/seo-toolkit-for-magento-2.svg
Free Shipping Bar M2,Magento 2 Free shipping bar helps boost order value and sales by delivering a tempting offer.,https://amasty.com/free-shipping-bar-for-magento-2.html,$99,4.5,Shipping,https://amasty.com/v1587651669/media/catalog/product/f/r/free-shipping-bar-for-magento-2.svg
Multi Warehouse Inventory M2,Equip your store with an advanced Magento 2 Warehouse Management Tool. Easily split inventory among multiple warehouses and effectively manage stock right from the product grid or the particular warehouse page.,https://amasty.com/multi-warehouse-inventory-for-magento-2.html,$349,4.5,B2B Products,https://amasty.com/v1587666071/media/catalog/product/m/u/multi-warehouse-inventory-for-magento-2.svg
Loyalty Program M2,Create a unique loyalty program to reward regular customers with exclusive discounts. Use flexible shopping cart rules to generate targeted offers and boost sales.,https://amasty.com/loyalty-program-for-magento-2.html,$349,4.8,Promotions,https://amasty.com/v1587658870/media/catalog/product/l/o/loyalty-program-for-magento-2.svg
Order Status M2,Create informative order statuses to make order processing maximally clear both for customers and for admin users. Easily manage statuses on the grid and timely notify clients about status changes.,https://amasty.com/magento-2-order-status.html,$139,4.8,Order Management,https://amasty.com/v1587651669/media/catalog/product/o/r/order-status-for-magento-2.svg
Abandoned Cart Email M2,Augment sales revenue by the increased number of completed orders. Return lost revenue by automatically sending catchy reminders. Enhance customer loyalty by offering discount coupons.,https://amasty.com/abandoned-cart-email-for-magento-2.html,$149,4.9,Checkout,https://amasty.com/v1587651669/media/catalog/product/a/b/abandoned-cart-email-for-magento-2.svg
Shipping Rules M2,"Create custom shipping rules based on a variety of product conditions and shopping cart attributes. Apply additional delivery options surcharge, discount or replace shipping rates according to your business needs.",https://amasty.com/shipping-rules-for-magento-2.html,$199,4.8,Shipping,https://amasty.com/v1587651669/media/catalog/product/s/h/shipping-rules-for-magento-2.svg
Product Tabs M2,Drive customers to purchase faster by providing additional information in handy tabs with Magento 2 Product Tabs extension. Quickly create custom tabs without special knowledge and embed them on product pages to maximize the number of purchases.,https://amasty.com/product-tabs-for-magento-2.html,$149,4.8,Product Page Improvement,https://amasty.com/v1587651669/media/catalog/product/p/r/product-tabs-for-magento-2.svg
Login with Apple ID for Social Login (Add-On) M2,Improve customer retention by offering them a secure and user-friendly login option on your website. Let users register and sign in with one click with a trustworthy Apple ID.,https://amasty.com/login-with-apple-id-add-on-for-social-login-for-magento-2.html,$99,4.5,Add-ons,https://amasty.com/v1587651669/media/catalog/product/a/d/add-on-sign-in-with-your-apple-id-for-magento-2.svg
Loyalty Program M2,Create a unique loyalty program to reward regular customers with exclusive discounts. Use flexible shopping cart rules to generate targeted offers and boost sales.,https://amasty.com/loyalty-program-for-magento-2.html,$349,4.8,Customers' Data,https://amasty.com/v1587651669/media/catalog/product/l/o/loyalty-program-for-magento-2.svg
Google Account Login M2,Instantly access your store backend without remembering complex passwords with Magento 2 Google Account Login. Reduce manual efforts onboarding new employees automatically and securely.,https://amasty.com/google-account-login-for-magento-2.html,$99,5,B2B Products,https://amasty.com/v1587666071/media/catalog/product/g/o/google-account-login-for-magento-2.svg
Store Pickup with Locator M2,Enhance customers' loyalty by providing an additional shipping option with Magento 2 Store Pickup with Locator. Drive more sales attracting buyers to your brick-and-mortar stores with a complex solution.,https://amasty.com/store-pickup-with-locator-for-magento-2.html,$299,4,User Experience,https://amasty.com/v1587666071/media/catalog/product/s/t/store-pickup-with-locator-for-magento-2.svg
GDPR M2,Magento 2 GDPR extension is designed to help online stores comply with the latest legislative EU requirements and strengthen data security and privacy. Make sure your site asks for all required consents to avoid penalties and be ahead of the competition!,https://amasty.com/gdpr-for-magento-2.html,$219,4.9,Customers' Data,https://amasty.com/v1587651669/media/catalog/product/g/d/gdpr-gift-for-magento-2.svg
Security Suite M2,Employ Magento 2 Security Suite extension to ensure your webstore protection from hacker attacks and other malicious security threats. Enhance store management performance getting full visibility of all backend activities.,https://amasty.com/security-suite-for-magento-2.html,$399,4.7,Customers' Data,https://amasty.com/v1587651669/media/catalog/product/s/e/security-suite-for-magento-2.svg
Custom Promo Conditions M2,Turn your promotions to highly personalized ones with the Custom Conditions for Magento 2 extension.,https://amasty.com/custom-options-conditions-for-magento-2.html,$65,null,Promotions,https://amasty.com/v1587658870/media/catalog/product/c/o/component-for-magento-2.svg
Multi Warehouse Inventory M2,Equip your store with an advanced Magento 2 Warehouse Management Tool. Easily split inventory among multiple warehouses and effectively manage stock right from the product grid or the particular warehouse page.,https://amasty.com/multi-warehouse-inventory-for-magento-2.html,$349,4.5,Catalog Management,https://amasty.com/v1587666071/media/catalog/product/m/u/multi-warehouse-inventory-for-magento-2.svg
Shipping & Payment By Customer Groups M2,Show or hide shipping and payment methods for various customer groups according to your business needs,https://amasty.com/shipping-payment-by-customer-group-for-magento-2.html,$139,5,Shipping,https://amasty.com/v1587651669/media/catalog/product/s/h/shipping-_-payment-by-customer-groups-for-magento-2.svg
Discounts for Active Reviewers for Advanced Product Reviews (Add-On) M2,Motivate customers to leave more reviews and significantly increase their retention rate by granting discounts based on the customer recommendation activity.,https://amasty.com/discounts-add-on-for-advanced-product-reviews-for-magento-2.html,$49,null,Add-ons,https://amasty.com/v1587651669/media/catalog/product/d/i/discounts-for-active-reviewers-for-advanced-product-review-addon-for-magento-2.svg
Shipping Cost Calculator M2,Let your customers calculate shipping rates before the checkout to decrease abandoned cart rate by up to 44% and enhance their shopping experience.,https://amasty.com/shipping-cost-calculator-for-magento-2.html,$119,4.7,Shipping,https://amasty.com/v1587651669/media/catalog/product/s/h/shipping-calculator-for-magento-2.svg
Cancel Orders M2,Increase customer loyalty by allowing them to cancel their order right from the frontend. Easily manage cancellation requests and restock products with the Magento 2 Cancel Orders extension.,https://amasty.com/cancel-orders-for-magento-2.html,$79,null,Order Management,https://amasty.com/v1587651669/media/catalog/product/c/a/cancel-orders-for-magento-2.svg
Order Attributes M2,Add an unlimited number of extra fields to your checkout page to easily collect and process additional order related data. Display all created order attributes on a handy backend grid to keep necessary information at hand.,https://amasty.com/order-attributes-for-magento-2.html,$199,4.5,Checkout,https://amasty.com/v1587651669/media/catalog/product/o/r/order-attributes-for-magento-2.svg
Elastic Search M2,"Magento 2 Elastic Search extension is an advanced solution which provides your store with highly accurate, fast and flexible search.",https://amasty.com/elasticsearch-for-magento-2.html,$279,4.8,B2B Products,https://amasty.com/v1587666071/media/catalog/product/e/l/elastic-search-for-magento-2.svg
Store Locator M2,Easily guide customers to the nearest stores with Magento 2 Store Locator. Drive more offline sales connecting your webstore to physical stores.,https://amasty.com/store-locator-for-magento-2.html,$199,4.7,Navigation & Search,https://amasty.com/v1587651669/media/catalog/product/s/t/store-locator-for-magento-2.svg
Landing Pages M2,Let customers explore your store goods goods via multiple landing pages. Boost sales with custom selection of products for each page. Improve your site search engine ranking building SEO-optimized unique content.,https://amasty.com/landing-pages-for-magento-2.html,$149,5,SEO,https://amasty.com/v1587651669/media/catalog/product/l/a/landing-pages-for-magento-2_1.svg
GeoIP Redirect M2,"Automatically redirect customers, change currency and language depending on visitors’ location. Use Magento 2 GeoIP extension to expand your business across other countries without creating a separate store.",https://amasty.com/geoip-redirect-for-magento-2.html,$179,4.5,User Experience,https://amasty.com/v1587666071/media/catalog/product/g/e/geoip-redirect-for-magento-2.svg
Shipping Suite M2,"Shipping Suite — your perfect extension for shipping profitability. It combines 3 smart and useful shipping managing tools: shipping table rates, rules, and restrictions. Get the greatest benefits from their synergetic work and take your shipping process under full control.",https://amasty.com/shipping-suite-for-magento-2.html,$499,4.8,Shipping,https://amasty.com/v1587651669/media/catalog/product/s/h/shipping-suite-for-magento-2_5.svg
(Pre-order) Quick Order M2,Boost B2B sales and increase repeated purchases with Magento 2 Quick Order extension. Enable buyers to quickly order multiple products without visiting numerous web store pages.,https://amasty.com/quick-order-for-magento-2.html,$75,null,B2B Products,https://amasty.com/v1587666071/media/catalog/product/q/u/quick-order-for-magento-2.svg
Custom Product Sorting for Shop by Brand (Add-On) M2,Promote particular brand products by customizing their positioning on brand pages. Change products order manually or automatically with the Custom Product Sorting add-on for Shop by Brand.,https://amasty.com/custom-product-sorting-add-on-for-shop-by-brand-for-magento-2.html,$99,null,Add-ons,https://amasty.com/v1587651669/media/catalog/product/c/u/custom-product-sorting-for-shop-by-brand-for-magento-2-add-on.svg
Store Pickup with Locator M2,Enhance customers' loyalty by providing an additional shipping option with Magento 2 Store Pickup with Locator. Drive more sales attracting buyers to your brick-and-mortar stores with a complex solution.,https://amasty.com/store-pickup-with-locator-for-magento-2.html,$299,4,Navigation & Search,https://amasty.com/v1587651669/media/catalog/product/s/t/store-pickup-with-locator-for-magento-2.svg
Google Map M2,Provide your customers with the clear details about the location of your business. Display the physical address on the 'Contact Us' page using the appealing Magento Google Map.,https://amasty.com/google-map-for-magento-2.html,$49,null,User Experience,https://amasty.com/v1587666071/media/catalog/product/g/o/google-map-for-magento-2.svg
Customer Group Catalog M2,Kick-start your selling strategy. Manage Magento 2 prices & products to tailor your store catalog content to meet the needs of a particular customer group.,https://amasty.com/customer-group-catalog-for-magento-2.html,$229,4.8,B2B Products,https://amasty.com/v1587666071/media/catalog/product/c/u/customer-group-catalog-for-magento-2.svg
Multi Warehouse Inventory M2,Equip your store with an advanced Magento 2 Warehouse Management Tool. Easily split inventory among multiple warehouses and effectively manage stock right from the product grid or the particular warehouse page.,https://amasty.com/multi-warehouse-inventory-for-magento-2.html,$349,4.5,Shipping,https://amasty.com/v1587651669/media/catalog/product/m/u/multi-warehouse-inventory-for-magento-2.svg
HTML Sitemap M2,Generate a clear HTML sitemap to help customers easily navigate your website. Include/exclude particular pages from the sitemap and customize its layout to make it perfectly structured.,https://amasty.com/html-sitemap-for-magento-2.html,$99,5,User Experience,https://amasty.com/v1587666071/media/catalog/product/h/t/html-for-magento-2.svg
Subscriptions & Recurring Payments M2,Grow revenue by selling products on the subscription basis and getting sustainable recurring payments with Magento 2 Subscription extension.,https://amasty.com/subscriptions-recurring-payments-for-magento-2.html,$399,4.7,B2B Products,https://amasty.com/v1587666071/media/catalog/product/s/u/subscriptions-_-recurring-payments-gift-for-magento-2.svg
Login as Customer M2,Assist your customers with the checkout process and reduce support time on credentials requests. Easily login as customer in one click to provide better shopping experience and get deeper insight on how the store performs from your shoppers' point of view.,https://amasty.com/magento-2-login-as-customer.html,$129,4.8,Customers' Data,https://amasty.com/v1587651669/media/catalog/product/l/o/login-as-customer-for-magento-2.svg
FAQ and Product Questions M2,Equip product pages with the advanced SEO-optimized FAQ section in Magento 2. Transform guests to customers by displaying well-organized info on products and services.,https://amasty.com/faq-and-product-questions-for-magento-2.html,$199,4.8,User Experience,https://amasty.com/v1587666071/media/catalog/product/f/a/faq-and-product-questions-for-magento-2.svg
Product Attachments M2,"Let customers get more details about products they purchase. Provide them with accurate manuals, licenses, warranties and other additional info right on product pages. Upload files of any format and use catchy icons to capture customers' attention with Magento 2 Product Attachments.",https://amasty.com/product-attachments-for-magento-2.html,$149,4.8,Images & Media,https://amasty.com/v1587651669/media/catalog/product/p/r/product-attachments-for-magento-2.svg
Advanced Permissions M2,"Easily manage multi-vendor stores by assigning custom role permissions to specific managers. Let them see and edit only particular products, categories, store views and websites.",https://amasty.com/advanced-permissions-for-magento-2.html,$229,4.4,B2B Products,https://amasty.com/v1587666071/media/catalog/product/a/d/advanced-permissions-for-magento-2.svg
Customers Also Bought M2,Increase an average cart value by automatically suggesting relevant products. Create flexible recommendations with the Magento 2 Frequently Bought Together extension to promote products according to your business needs and boost sales.,https://amasty.com/magento-2-customers-also-bought.html,$299,4.8,Customers' Data,https://amasty.com/v1587651669/media/catalog/product/c/u/customers-also-bought-for-magento-2.svg
Custom Stock Status M2,Use custom stock statuses to provide precise information about stock availability of particular products. Easily attract customers' attention with catchy statuses to make them buy more.,https://amasty.com/custom-stock-status-for-magento-2.html,$199,4.9,Product Page Improvement,https://amasty.com/v1587651669/media/catalog/product/c/u/custom-stock-status-for-magento-2.svg
Store Credit & Refund M2,"Turn refunds into revenue, apply the automated return system to scale up sales. Thank customers for shopping in your store with credit and build their loyalty.",https://amasty.com/store-credit-and-refund-for-magento-2.html,$149,4.7,B2B Products,https://amasty.com/v1587666071/media/catalog/product/s/t/store-credit-_-refund-for-magento-2.svg
Automatic Related Products M2,Dynamically showcase related items in your webstore to help customers easily find necessary products and complete the order. Boost store revenue by setting up smart product recommendations with Magento 2 Related Products!,https://amasty.com/automatic-related-products-for-magento-2.html,$299,4.9,User Experience,https://amasty.com/v1587666071/media/catalog/product/a/u/automatic-related-products-for-magento-2.svg
Hide Price M2,"Hide product prices and ""Add to cart"" button for specific products or whole categories. Manage prices display depending on customer groups. Customize button texts and messages to make your pricing policy maximally flexible.",https://amasty.com/hide-price-for-magento-2.html,$159,5,Product Page Improvement,https://amasty.com/v1587651669/media/catalog/product/h/i/hide-price-for-magento-2.svg
Exit Intent Popup M2,Employ Magento 2 Exit Intent Popup to convert abandoning store visitors into customers. Drive more sales and notably boost your subscriber base.,https://amasty.com/exit-intent-popup-for-magento-2.html,$199,null,Checkout,https://amasty.com/v1587651669/media/catalog/product/a/n/anti-abandonment-popup-for-magento-2.svg
B2B E-commerce Suite M2,Bring your business to a new level by turning your webstore into a powerful B2B e-commerce solution for Magento 2. Outperform competitors and build a constantly growing base of regular clients with one B2B Suite.,https://amasty.com/b2b-ecommerce-suite-for-magento-2.html,$699,null,B2B Products,https://amasty.com/v1587666071/media/catalog/product/b/2/b2b-suite-for-magento-2.svg
Order Notes M2,"Optimize your order management by creating order notes and marking them with colored flags, badges and other labels. Now you can control the chaos on your order grid and visualize order process.",https://amasty.com/order-notes-for-magento-2.html,$129,5,Order Management,https://amasty.com/v1587651669/media/catalog/product/o/r/order-notes-for-magento-2.svg
Blog Pro M2,Drive more target audience to your store with Magento 2 Blog Pro extension. Enhance your promotional efforts with the powerful content marketing solution.,https://amasty.com/blog-pro-for-magento-2.html,$349,4.6,Images & Media,https://amasty.com/v1587651669/media/catalog/product/b/l/blog-pro-for-magento-2_1.svg
Thank You Page M2,Increase the revenue from repeat sales with a custom Magento 2 order success page. Tailor Magento Thank You Page template and turn it into the first step towards the next purchase.,https://amasty.com/thank-you-page-for-magento-2.html,$149,null,Checkout,https://amasty.com/v1587651669/media/catalog/product/t/h/thank-you-page-for-magento-2_3.svg
Import & Export for Advanced Product Reviews (Add-On) M2,Easily add or extract reviews in bulk using Magento 2 Import & Export Reviews add-on. Create an unlimited number of review data in one click.,https://amasty.com/import-export-add-on-for-advanced-product-reviews-for-magento-2.html,$99,4.5,Add-ons,https://amasty.com/v1587651669/media/catalog/product/a/d/add-on-import-export-for-advanced-product-reviews-for-magento-2_2.svg
Lazy Load M2,Speed up the loading time of your site pages with Magento 2 Lazy Load. Improve your site performance by loading product images by demand!,https://amasty.com/lazy-load-for-magento-2.html,$259,null,Images & Media,https://amasty.com/v1587651669/media/catalog/product/l/a/lazy-load-for-magento-2.svg
Request a Quote M2,Easily interact with customers regarding new best prices for products with Magento 2 Quote Extension. Make highly personalized purchasing offers and grow sales revenue by understanding buyers’ demands.,https://amasty.com/request-a-quote-for-magento-2.html,$319,4.9,Product Page Improvement,https://amasty.com/v1587651669/media/catalog/product/r/e/request-a-quote-for-magento-2_1.svg
Google Account Login M2,Instantly access your store backend without remembering complex passwords with Magento 2 Google Account Login. Reduce manual efforts onboarding new employees automatically and securely.,https://amasty.com/google-account-login-for-magento-2.html,$99,5,Catalog Management,https://amasty.com/v1587666071/media/catalog/product/g/o/google-account-login-for-magento-2.svg
Store Credit & Refund M2,"Turn refunds into revenue, apply the automated return system to scale up sales. Thank customers for shopping in your store with credit and build their loyalty.",https://amasty.com/store-credit-and-refund-for-magento-2.html,$149,4.7,Order Management,https://amasty.com/v1587651669/media/catalog/product/s/t/store-credit-_-refund-for-magento-2.svg
Free Gift M2,Get 5 promo actions to automatically add free and discounted products to the cart. Show catchy banners to inform customers about special offers and let visitors select a gift among available promo items.,https://amasty.com/free-gift-for-magento-2.html,$229,4.6,Promotions,https://amasty.com/v1587658870/media/catalog/product/f/r/free-gift-for-magento-2icon.svg
Dropshipping M2,Set up your own multi-channel business with no warehouse costs using Magento 2 Dropshipping. Make your store extremely competitive by shipping products to customers directly from suppliers’ warehouses.,https://amasty.com/dropshipping-for-magento-2.html,$399,null,Multi Vendor Solutions,https://amasty.com/v1587651669/media/catalog/product/d/r/dropshipping-for-magento-2.svg
Infinite Scroll M2,Infinite scroll for Magento 2 automatically loads product catalog without reloading the page. Your customers will be pleasantly surprised with supportive navigation and high performance of your web store.,https://amasty.com/infinite-scroll-for-magento-2.html,$119,4.9,Images & Media,https://amasty.com/v1587651669/media/catalog/product/i/n/infinite-scroll-for-magento-2_1.svg
Custom Checkout Fields M2,This extension helps you to perform Magento 2 checkout customization by adding extra fields of various types. Gather comprehensive order data in a convenient way both for customers and admins. Smoothly manage info in custom input forms using the order grid.,https://amasty.com/magento-2-custom-checkout-fields.html,$199,4.6,Checkout,https://amasty.com/v1587651669/media/catalog/product/c/u/custom-checkout-field-for-magento-2.svg
Payment Restrictions M2,"Effectively manage payments in your store. Feel free to restrict payment methods by shipping address, customer groups, store view or product attributes in Magento 2. Restrict cash on delivery, check/money order etc.",https://amasty.com/payment-restrictions-for-magento-2.html,$199,5,Order Management,https://amasty.com/v1587651669/media/catalog/product/p/a/payment-restrictions-for-magento-2.svg
Import and Export M2,"Import and Export for Magento 2 is an all-in-one tool for a convenient store data migration, smooth connection with the ERP/CRM systems and making regular stock updates. The extension allows you to import/export any existing entity to/from Magento.",https://amasty.com/import-and-export-for-magento-2.html,null,null,Catalog Management,https://amasty.com/v1587666071/media/catalog/product/i/m/import-and-export-for-m2-for-magento-2.svg
Mass Order Actions M2,"Grow sales revenue by automatically processing multiple orders faster with Magento 2 Bulk Order. Easily send invoices, submit shipments and edit tracking numbers right from the grid just in a few clicks.",https://amasty.com/mass-order-actions-for-magento-2.html,$149,4.7,Order Management,https://amasty.com/v1587651669/media/catalog/product/m/a/mass-order-actions-for-magento-2.svg
California Consumer Privacy Act M2,Cover all California Consumer Privacy Act requirements with a single solution. Employ the Magento 2 CCPA extension to make your store fully compliant with the CCPA bill without any hassle. Ensure online privacy and strengthen customer trust.,https://amasty.com/california-consumer-privacy-act-for-magento-2.html,$149,null,Customers' Data,https://amasty.com/v1587651669/media/catalog/product/c/a/california-consumer-privacy-for-magento-2.svg
Google Page Speed Optimizer M2,Magento 2 Speed Optimization improves web pages performance in order to place your store at the top of Google search rating. Boost your webstore traffic by the speed optimization and get an endless stream of new visitors!,https://amasty.com/google-page-speed-optimizer-for-magento-2.html,$259,4.9,Product Page Improvement,https://amasty.com/v1587651669/media/catalog/product/g/o/google-page-speed-optimizer-for-magento-2.svg
Improved Layered Navigation M2,Build the ultimate customer shopping experience and boost your store SEO rankings with a feature-rich navigation system. Display multiple filters and handy widgets to help visitors instantly find the products they need.,https://amasty.com/improved-layered-navigation-for-magento-2.html,$349,4.9,SEO,https://amasty.com/v1587651669/media/catalog/product/i/m/improved-layered-navigation-for-magento-2_3.svg
Special Occasion Coupons M2,"Generate and send discount coupons based on birthdays, newsletter subscriptions, order placement and other events. Use custom email templates to draw customers’ attention and build their loyalty.",https://amasty.com/special-occasion-coupons-for-magento-2.html,$109,5,Promotions,https://amasty.com/v1587658870/media/catalog/product/s/p/special-occasion-coupons-for-magento-2.svg
Improved Sorting M2,Improved sorting for Magento 2 is a very effective tool for store-owners who care about their customers. Increase the usability of your catalog with user-friendly search options! Let your potential clients browse catalog or categories by any comfortable parameters.,https://amasty.com/improved-sorting-for-magento-2.html,$199,4.8,SEO,https://amasty.com/v1587651669/media/catalog/product/i/m/improved-sorting-for-magento-2.svg
Product Labels M2,"Highlight new arrivals, as well as special products and offers to immediately draw customers' attention and grow sales up to 55%. Automatically run several marketing campaigns at a time!",https://amasty.com/product-labels-for-magento-2.html,$199,4.8,Product Page Improvement,https://amasty.com/v1587651669/media/catalog/product/p/r/product-labels-for-magento-2.svg
Advanced Reports M2,Add Magento 2 Advanced Reports to get all important metrics for your store in one tool. Make beneficial strategic decisions with accurate reporting and grow your sales.,https://amasty.com/advanced-reports-for-magento-2.html,$319,4.7,Order Management,https://amasty.com/v1587651669/media/catalog/product/a/d/advanced-reports-for-magento-2_1.svg
Lazy Load M2,Speed up the loading time of your site pages with Magento 2 Lazy Load. Improve your site performance by loading product images by demand!,https://amasty.com/lazy-load-for-magento-2.html,$259,null,Product Page Improvement,https://amasty.com/v1587651669/media/catalog/product/l/a/lazy-load-for-magento-2.svg
HTML Sitemap M2,Generate a clear HTML sitemap to help customers easily navigate your website. Include/exclude particular pages from the sitemap and customize its layout to make it perfectly structured.,https://amasty.com/html-sitemap-for-magento-2.html,$99,5,SEO,https://amasty.com/v1587651669/media/catalog/product/h/t/html-for-magento-2.svg
FAQ and Product Questions M2,Equip product pages with the advanced SEO-optimized FAQ section in Magento 2. Transform guests to customers by displaying well-organized info on products and services.,https://amasty.com/faq-and-product-questions-for-magento-2.html,$199,4.8,SEO,https://amasty.com/v1587651669/media/catalog/product/f/a/faq-and-product-questions-for-magento-2.svg
Cross-Sell / Upsell Products M2,"Increase trust in your shop by delivering offers with a higher value to customers. Use Magento 2 Cross Sells extension to increase the number of spontaneous purchases, average cart value, total sales and customer satisfaction.",https://amasty.com/magento-2-upsell-cross-sell-extension.html,$299,4.5,Customers' Data,https://amasty.com/v1587651669/media/catalog/product/u/p/upsell-cross-sell-extension-for-magento-2.svg
Countdown Timer M2,Сreate a sense of urgency with Magento 2 Countdown Timer ⌛ to boost sales and decrease customers’ decision-making time.,https://amasty.com/countdown-timer-for-magento-2.html,$119,4.8,Promotions,https://amasty.com/v1587658870/media/catalog/product/p/r/promo-countdown-for-magento-2.svg
Store Locator M2,Easily guide customers to the nearest stores with Magento 2 Store Locator. Drive more offline sales connecting your webstore to physical stores.,https://amasty.com/store-locator-for-magento-2.html,$199,4.7,User Experience,https://amasty.com/v1587666071/media/catalog/product/s/t/store-locator-for-magento-2.svg
Store Switcher M2,Automatically guide international customers to the corresponding store and provide them with the appropriate currency and language. Make your Magento 2 store attractive and comfortable for shoppers all over the world to lift your business at the international level.,https://amasty.com/store-switcher-for-magento-2.html,$179,5,User Experience,https://amasty.com/v1587666071/media/catalog/product/s/t/store-switcher-for-magento-2.svg
Reports for RMA (Add-On) M2,Analyze the RMA effectiveness and improve return requests processing with Magento 2 RMA Reports add-on.,https://amasty.com/reports-add-on-for-rma-for-magento-2.html,$79,5,Add-ons,https://amasty.com/v1587651669/media/catalog/product/a/d/add-on-reports-for-rma-for-magento-2_2.svg
Promo Banners M2,Display catchy promo banners on corresponding store pages to let customers be aware of all hot deals and specials you offer. Draw visitors' attention to specific products to trigger impulse purchases and increase an average order value.,https://amasty.com/promo-banners-for-magento-2.html,$169,4.8,Images & Media,https://amasty.com/v1587651669/media/catalog/product/p/r/promo-banners-for-magento-2.svg
Facebook Comments M2,Let your customers share their reviews more easily and efficiently. Enhance your sales conversion and credibility.,https://amasty.com/facebook-comments-for-magento-2.html,FREE,null,Free Magento 2 Extensions,https://amasty.com/v1587658870/media/catalog/product/f/a/facebook-comments-for-magento-2.svg
Order Archive M2,Equip your Magento store with a handy tool to easily delete or archive orders. Schedule automatic archive creation to keep your orders grid clean and up-to-date.,https://amasty.com/order-archive-for-magento-2.html,$149,5,Order Management,https://amasty.com/v1587651669/media/catalog/product/o/r/order-archive-for-magento-2.svg
Improved Layered Navigation M2,Build the ultimate customer shopping experience and boost your store SEO rankings with a feature-rich navigation system. Display multiple filters and handy widgets to help visitors instantly find the products they need.,https://amasty.com/improved-layered-navigation-for-magento-2.html,$349,4.9,B2B Products,https://amasty.com/v1587666071/media/catalog/product/i/m/improved-layered-navigation-for-magento-2_3.svg
Improved Sorting M2,Improved sorting for Magento 2 is a very effective tool for store-owners who care about their customers. Increase the usability of your catalog with user-friendly search options! Let your potential clients browse catalog or categories by any comfortable parameters.,https://amasty.com/improved-sorting-for-magento-2.html,$199,4.8,User Experience,https://amasty.com/v1587666071/media/catalog/product/i/m/improved-sorting-for-magento-2.svg
Blog Pro M2,Drive more target audience to your store with Magento 2 Blog Pro extension. Enhance your promotional efforts with the powerful content marketing solution.,https://amasty.com/blog-pro-for-magento-2.html,$349,4.6,SEO,https://amasty.com/v1587651669/media/catalog/product/b/l/blog-pro-for-magento-2_1.svg
Google Page Speed Optimizer M2,Magento 2 Speed Optimization improves web pages performance in order to place your store at the top of Google search rating. Boost your webstore traffic by the speed optimization and get an endless stream of new visitors!,https://amasty.com/google-page-speed-optimizer-for-magento-2.html,$259,4.9,User Experience,https://amasty.com/v1587666071/media/catalog/product/g/o/google-page-speed-optimizer-for-magento-2.svg
Wishlist M2,This tool collects and shows data from all users' wishlists so that you can see the most frequently saved items. Keep a close watch on your customers' demand and easily manage products from one place.,https://amasty.com/wishlist-for-magento-2.html,$49,null,User Experience,https://amasty.com/v1587666071/media/catalog/product/w/i/wishlist-for-magento-2.svg
Color Swatches Pro M2,Provide customers with the most fulfilling shopping experience possible. Enrich the Magento 2 Color Swatches functionality with a bunch of new features.,https://amasty.com/color-swatches-pro-for-magento-2.html,$169,4.8,User Experience,https://amasty.com/v1587666071/media/catalog/product/c/o/color-swatches-pro-for-magento-2.svg
Dropshipping M2,Set up your own multi-channel business with no warehouse costs using Magento 2 Dropshipping. Make your store extremely competitive by shipping products to customers directly from suppliers’ warehouses.,https://amasty.com/dropshipping-for-magento-2.html,$399,null,B2B Products,https://amasty.com/v1587666071/media/catalog/product/d/r/dropshipping-for-magento-2.svg
Store Pickup M2,Drive more sales with Magento 2 Store Pickup extension! Offer improved shopping experience by allowing your customers pickup their orders from the nearest store.,https://amasty.com/store-pickup-for-magento-2.html,$129,4.8,Shipping,https://amasty.com/v1587651669/media/catalog/product/s/t/store-pickup-for-magento-2_1.svg
Extended Product Grid with Editor M2,Enrich standard product grid functionality with a bunch of new handy options. Add any specific column you need and easily modify product information right on the grid. Create grid templates with custom column sets to make product data processing as quick as possible.,https://amasty.com/extended-product-grid-with-editor-for-magento-2.html,$199,4.9,Catalog Management,https://amasty.com/v1587666071/media/catalog/product/e/x/extended-product-grid-with-editor-for-magento-2.svg
Dimensional Shipping Weight M2,Make your shipping rates democratic and exact. Use the package space wisely to save on products delivery. Benefit from an accurate volume and weight estimation.,https://amasty.com/magento-2-dimensional-shipping-weight.html,$199,4.6,Shipping,https://amasty.com/v1587651669/media/catalog/product/d/i/dimensional-shipping-weight-for-magento-2.svg
Size Chart M2,"Provide user-friendly information on differences in sizes by brands, countries, and item types. Help customers find the items that fit them and avoid returns thanks to clear sizing guides with Size Chart extension for Magento 2.",https://amasty.com/size-chart-for-magento-2.html,$149,4.8,Product Page Improvement,https://amasty.com/v1587651669/media/catalog/product/s/i/size-chart-extension-for-magento-2.svg
Admin Actions Log M2,Magento 2 Admin Actions log is designed to enhance your store security and protect data from possible hacker and other malicious attacks. Get complete visibility of every change made in your store admin panel!,https://amasty.com/admin-actions-log-for-magento-2.html,$249,4.8,Customers' Data,https://amasty.com/v1587651669/media/catalog/product/a/d/admin-actions-log-for-magento-2.svg
One Step Checkout M2,Supply your Magento 2 store with a user-friendly One Step Checkout to speed up the whole shopping process and heavily enhance customer satisfaction. Create converting checkout just in a few clicks to boost store revenue.,https://amasty.com/one-step-checkout-for-magento-2.html,$299,5,User Experience,https://amasty.com/v1587666071/media/catalog/product/o/n/one-step-checkout-for-magento-2.svg
Size Chart M2,"Provide user-friendly information on differences in sizes by brands, countries, and item types. Help customers find the items that fit them and avoid returns thanks to clear sizing guides with Size Chart extension for Magento 2.",https://amasty.com/size-chart-for-magento-2.html,$149,4.8,User Experience,https://amasty.com/v1587666071/media/catalog/product/s/i/size-chart-extension-for-magento-2.svg
Customers Also Bought M2,Increase an average cart value by automatically suggesting relevant products. Create flexible recommendations with the Magento 2 Frequently Bought Together extension to promote products according to your business needs and boost sales.,https://amasty.com/magento-2-customers-also-bought.html,$299,4.8,Product Page Improvement,https://amasty.com/v1587651669/media/catalog/product/c/u/customers-also-bought-for-magento-2.svg
Push Notifications M2,"With Magento 2 Push Notifications, increase your revenue by strengthening the interaction strategy with target customers. Send appealing push notifications with attractive deals to energize sales.",https://amasty.com/push-notifications-for-magento-2.html,$129,4.7,Promotions,https://amasty.com/v1587658870/media/catalog/product/p/u/push-notification-for-magento-2.svg
Out of Stock Notification M2,Timely inform customers and guest visitors about product stock status and price changes with Magento 2 Out of Stock Notification. Better understand your customers preferences: quickly identify which products are highly demanded and timely refill them in your store!,https://amasty.com/out-of-stock-notification-for-magento-2.html,$199,4.8,User Experience,https://amasty.com/v1587666071/media/catalog/product/o/u/out-of-stock-notification-for-magento-2.svg
Product Feed M2,Equip your store with an agile and highly flexible feeds generator. Add Magento 2 Product Feed to promote your products cost-effectively and grow revenue thanks to extra sales channels.,https://amasty.com/product-feed-for-magento-2.html,$199,4.7,SEO,https://amasty.com/v1587651669/media/catalog/product/p/r/product-feed-for-magento-2.svg
Infinite Scroll M2,Infinite scroll for Magento 2 automatically loads product catalog without reloading the page. Your customers will be pleasantly surprised with supportive navigation and high performance of your web store.,https://amasty.com/infinite-scroll-for-magento-2.html,$119,4.9,User Experience,https://amasty.com/v1587666071/media/catalog/product/i/n/infinite-scroll-for-magento-2_1.svg
Customer Group Catalog M2,Kick-start your selling strategy. Manage Magento 2 prices & products to tailor your store catalog content to meet the needs of a particular customer group.,https://amasty.com/customer-group-catalog-for-magento-2.html,$229,4.8,Catalog Management,https://amasty.com/v1587666071/media/catalog/product/c/u/customer-group-catalog-for-magento-2.svg
Custom Stock Status M2,Use custom stock statuses to provide precise information about stock availability of particular products. Easily attract customers' attention with catchy statuses to make them buy more.,https://amasty.com/custom-stock-status-for-magento-2.html,$199,4.9,Catalog Management,https://amasty.com/v1587666071/media/catalog/product/c/u/custom-stock-status-for-magento-2.svg
Automatic Categories M2,"Employ automatic categories extension to manage your catalog pages more efficiently and faster. Set conditions to run sales and seasonal campaigns, tailoring particular product listings for your purposes.",https://amasty.com/automatic-categories-for-magento-2.html,$229,5,Catalog Management,https://amasty.com/v1587666071/media/catalog/product/a/u/automatic-categories-for-magento-2.svg
Delete Order M2,Extend the default Magento 2 order management functionality with the ability to delete orders. Erase unnecessary orders and related information or move them to archive. Set automatic order grid clearance periods to keep it up-to-date.,https://amasty.com/delete-order-for-magento-2.html,$149,5,Order Management,https://amasty.com/v1587651669/media/catalog/product/d/e/delete-order-for-magento-2.svg
AMP M2,Make your store pages load 85% faster for mobile users with Magento 2 AMP. Improve site usability and visibility in search results by generating super lightweight mobile pages.,https://amasty.com/amp-pages-for-magento-2.html,$149,4.7,SEO,https://amasty.com/v1587651669/media/catalog/product/a/m/amp-pages-for-magento-2.svg
Product Feed M2,Equip your store with an agile and highly flexible feeds generator. Add Magento 2 Product Feed to promote your products cost-effectively and grow revenue thanks to extra sales channels.,https://amasty.com/product-feed-for-magento-2.html,$199,4.7,Customers' Data,https://amasty.com/v1587651669/media/catalog/product/p/r/product-feed-for-magento-2.svg
Gift Card M2,Double sales and retain customers by providing advanced gifting options. Offer no-contact gift cards that can be cashed-out later to grow revenue and keep business stable even during the lockdowns.,https://amasty.com/gift-card-for-magento-2.html,$299,4.7,Promotions,https://amasty.com/v1587658870/media/catalog/product/g/i/gift-card-for-magento-2.svg
Improved Sorting M2,Improved sorting for Magento 2 is a very effective tool for store-owners who care about their customers. Increase the usability of your catalog with user-friendly search options! Let your potential clients browse catalog or categories by any comfortable parameters.,https://amasty.com/improved-sorting-for-magento-2.html,$199,4.8,Navigation & Search,https://amasty.com/v1587651669/media/catalog/product/i/m/improved-sorting-for-magento-2.svg
Improved Layered Navigation M2,Build the ultimate customer shopping experience and boost your store SEO rankings with a feature-rich navigation system. Display multiple filters and handy widgets to help visitors instantly find the products they need.,https://amasty.com/improved-layered-navigation-for-magento-2.html,$349,4.9,User Experience,https://amasty.com/v1587666071/media/catalog/product/i/m/improved-layered-navigation-for-magento-2_3.svg
Pre Order M2,Drive sales for out of stock or just announced products! Allow buyers to easily pre order or backorder goods that are unavailable for immediate delivery. Get a powerful marketing research tool to analyze customers’ demands.,https://amasty.com/pre-order-for-magento-2.html,$189,4.8,B2B Products,https://amasty.com/v1587666071/media/catalog/product/p/r/pre-order-for-magento-2.svg
Infinite Scroll M2,Infinite scroll for Magento 2 automatically loads product catalog without reloading the page. Your customers will be pleasantly surprised with supportive navigation and high performance of your web store.,https://amasty.com/infinite-scroll-for-magento-2.html,$119,4.9,Navigation & Search,https://amasty.com/v1587651669/media/catalog/product/i/n/infinite-scroll-for-magento-2_1.svg
RMA M2,Automate product returns management and bring your customer service to a new level with extremely flexible Magento 2 RMA extension.,https://amasty.com/rma-for-magento-2.html,$249,4.8,B2B Products,https://amasty.com/v1587666071/media/catalog/product/r/m/rma-for-magento-2.svg
Special Promotions M2,Enrich your cart price rules list with 20 more promo actions. Run a great variety of exclusive promotions to easily attract customers' attention and increase sales.,https://amasty.com/special-promotions-for-magento-2.html,$279,5,Promotions,https://amasty.com/v1587658870/media/catalog/product/s/p/special-promotions-for-magento-2.svg
Advanced Product Reviews M2,Build up trust in your business with Magento 2 Product Reviews. Engage customers and boost sales with user-generated reviews and get higher search ranking position.,https://amasty.com/advanced-product-reviews-for-magento-2.html,$199,4.9,User Experience,https://amasty.com/v1587666071/media/catalog/product/a/d/advanced-product-reviews-for-magento-2_2.svg
Customer Group Auto Assign M2,Reduce operating expenses and thus increase revenue thanks to automatic customer group management with Magento 2 auto customer group switching.,https://amasty.com/customer-group-auto-assign-for-magento-2.html,$149,4.7,Customers' Data,https://amasty.com/v1587651669/media/catalog/product/c/u/customer-group-auto-assign-for-magento-2.svg
Sales Reps and Dealers M2,"Provide high-quality service and individual approach to each customer by including dealers in your business model. With this convenient tool, you can effectively manage the work of your sales reps and monitor their productivity.",https://amasty.com/sales-reps-and-dealers-for-magento-2.html,$189,5,Order Management,https://amasty.com/v1587651669/media/catalog/product/s/a/sales-reps-and-dealers-for-magento-2.svg
Delivery Date M2,Increase the level of customer service in your store. Enable clients to choose delivery dates and time periods to receive orders. Define your delivery schedule and exclude specific days or hours when delivery is unavailable. Add delivery info to emails and printed order-related docs.,https://amasty.com/delivery-date-for-magento-2.html,$179,5,Shipping,https://amasty.com/v1587651669/media/catalog/product/d/e/delivery-date-for-magento-2.svg
Payment Restrictions M2,"Effectively manage payments in your store. Feel free to restrict payment methods by shipping address, customer groups, store view or product attributes in Magento 2. Restrict cash on delivery, check/money order etc.",https://amasty.com/payment-restrictions-for-magento-2.html,$199,5,Checkout,https://amasty.com/v1587651669/media/catalog/product/p/a/payment-restrictions-for-magento-2.svg
Free Gift M2,Get 5 promo actions to automatically add free and discounted products to the cart. Show catchy banners to inform customers about special offers and let visitors select a gift among available promo items.,https://amasty.com/free-gift-for-magento-2.html,$229,4.6,Checkout,https://amasty.com/v1587651669/media/catalog/product/f/r/free-gift-for-magento-2icon.svg
Cookie Consent (GDPR) M2,Let customers regulate their cookie usage right on your website. Make your store fully compliant with EU Cookie Law with Magento 2 cookie consent extension.,https://amasty.com/cookie-consent-for-magento-2.html,$119,4.7,Customers' Data,https://amasty.com/v1587651669/media/catalog/product/c/o/cookie-compliance-gdpr-for-magento-2.svg
Request a Quote M2,Easily interact with customers regarding new best prices for products with Magento 2 Quote Extension. Make highly personalized purchasing offers and grow sales revenue by understanding buyers’ demands.,https://amasty.com/request-a-quote-for-magento-2.html,$319,4.9,B2B Products,https://amasty.com/v1587666071/media/catalog/product/r/e/request-a-quote-for-magento-2_1.svg
Color Swatches Pro M2,Provide customers with the most fulfilling shopping experience possible. Enrich the Magento 2 Color Swatches functionality with a bunch of new features.,https://amasty.com/color-swatches-pro-for-magento-2.html,$169,4.8,Product Page Improvement,https://amasty.com/v1587651669/media/catalog/product/c/o/color-swatches-pro-for-magento-2.svg
Extra Fee M2,Create extra fees for any additional services you need and display them on the checkout and shopping cart page. Use flexible conditions and advanced settings to clearly show relevant fees to customers and encourage them to spend more.,https://amasty.com/extra-fee-for-magento-2.html,$199,5,Checkout,https://amasty.com/v1587651669/media/catalog/product/e/x/extra-fee-for-magento-2.svg
Call for Price M2,"Replace the price with flexible options. Place a link with redirection or an image instead of the button. Select the group of customers and particular categories to display the 'Call for price' button to. Easily engage customers into more activity, asking to sign up and provide more feedback.",https://amasty.com/call-for-price-for-magento-2.html,$159,5,Product Page Improvement,https://amasty.com/v1587651669/media/catalog/product/c/a/call-for-price-for-magento-2.svg
Calcurates M2,"Meet Calcurates, our cloud-based entire shipping solution that calculates and shows the right rates to your customers. Top shipping challenges are now solved:",https://amasty.com/calcurates-for-magento-2.html,$39,null,Shipping,https://amasty.com/v1587651669/media/catalog/product/c/a/calcurates-for-magento-2_1.svg
Shipping Suite M2,"Shipping Suite — your perfect extension for shipping profitability. It combines 3 smart and useful shipping managing tools: shipping table rates, rules, and restrictions. Get the greatest benefits from their synergetic work and take your shipping process under full control.",https://amasty.com/shipping-suite-for-magento-2.html,$499,4.8,B2B Products,https://amasty.com/v1587666071/media/catalog/product/s/h/shipping-suite-for-magento-2_5.svg
Google Page Speed Optimizer M2,Magento 2 Speed Optimization improves web pages performance in order to place your store at the top of Google search rating. Boost your webstore traffic by the speed optimization and get an endless stream of new visitors!,https://amasty.com/google-page-speed-optimizer-for-magento-2.html,$259,4.9,SEO,https://amasty.com/v1587651669/media/catalog/product/g/o/google-page-speed-optimizer-for-magento-2.svg
AJAX Shopping Cart M2,Magento 2 AJAX add to cart extension provides comfortable shopping experience. Customers can easily select configurable options and edit items in the pop-up without wasting time on page reloads.,https://amasty.com/ajax-shopping-cart-for-magento-2.html,$219,5,Checkout,https://amasty.com/v1587651669/media/catalog/product/a/j/ajax-shopping-cart-for-magento-2.svg
Google Invisible reCaptcha M2,"Protect your store from bots with Google Invisible reCaptcha - the most advanced security tool. As it's invisible for customers, your website security becomes more user-friendly. Free your potential customers from quizzes solving and 'I am not a robot' button.",https://amasty.com/google-invisible-recaptcha-for-magento-2.html,$79,4.8,User Experience,https://amasty.com/v1587666071/media/catalog/product/g/o/google-invisible-recaptcha-for-magento-2.svg
Advanced Permissions M2,"Easily manage multi-vendor stores by assigning custom role permissions to specific managers. Let them see and edit only particular products, categories, store views and websites.",https://amasty.com/advanced-permissions-for-magento-2.html,$229,4.4,Order Management,https://amasty.com/v1587651669/media/catalog/product/a/d/advanced-permissions-for-magento-2.svg
Meta Tags Templates M2,"Drive more traffic and acquire potential customers by increasing your store visibility in search engines. Automatically generate tags for category, product or any other page on your site.",https://amasty.com/meta-tags-templates-for-magento-2.html,$139,4.8,SEO,https://amasty.com/v1587651669/media/catalog/product/m/e/meta-tags-templates-for-magento-2.svg
Store Credit & Refund M2,"Turn refunds into revenue, apply the automated return system to scale up sales. Thank customers for shopping in your store with credit and build their loyalty.",https://amasty.com/store-credit-and-refund-for-magento-2.html,$149,4.7,Checkout,https://amasty.com/v1587651669/media/catalog/product/s/t/store-credit-_-refund-for-magento-2.svg
Color Swatches Pro M2,Provide customers with the most fulfilling shopping experience possible. Enrich the Magento 2 Color Swatches functionality with a bunch of new features.,https://amasty.com/color-swatches-pro-for-magento-2.html,$169,4.8,B2B Products,https://amasty.com/v1587666071/media/catalog/product/c/o/color-swatches-pro-for-magento-2.svg
Generate and Import Coupons M2,Reduce time spent on coupon management by generating and importing an unlimited number of promo codes in a couple of clicks. Easily track coupon usage statistics and export codes for your affiliates.,https://amasty.com/generate-and-import-coupons-for-magento-2.html,$189,5,Promotions,https://amasty.com/v1587658870/media/catalog/product/g/e/generate-and-import-coupons-for-magento-2.svg
Advanced Reports M2,Add Magento 2 Advanced Reports to get all important metrics for your store in one tool. Make beneficial strategic decisions with accurate reporting and grow your sales.,https://amasty.com/advanced-reports-for-magento-2.html,$319,4.7,B2B Products,https://amasty.com/v1587666071/media/catalog/product/a/d/advanced-reports-for-magento-2_1.svg
AJAX Shopping Cart M2,Magento 2 AJAX add to cart extension provides comfortable shopping experience. Customers can easily select configurable options and edit items in the pop-up without wasting time on page reloads.,https://amasty.com/ajax-shopping-cart-for-magento-2.html,$219,5,User Experience,https://amasty.com/v1587666071/media/catalog/product/a/j/ajax-shopping-cart-for-magento-2.svg
Gift Wrap M2,Boost sales and provide a better shopping experience with Magento 2 Gift Wrap. Improve your holiday marketing strategy by applying additional services.,https://amasty.com/gift-wrap-for-magento-2.html,$199,4.5,Promotions,https://amasty.com/v1587658870/media/catalog/product/g/i/gift-wrap-for-magento-2.svg
Advanced MSI M2,Easily split your inventory among multiple warehouses with Magento 2 Advanced MSI solution. Optimize your stock management and reduce delivery costs with a proper warehouse selection.,https://amasty.com/advanced-msi-for-magento-2.html,$349,4.7,B2B Products,https://amasty.com/v1587666071/media/catalog/product/a/d/advanced-msi-for-magento-2.svg
Mass Product Actions M2,"Increase the efficiency of the catalog management. Change prices, manage attribute sets and categories, spread custom options and images, and related products. Apply bulk modifications to multiple products and tweak the actions menu to display only required actions.",https://amasty.com/mass-product-actions-for-magento-2.html,$199,4.9,Catalog Management,https://amasty.com/v1587666071/media/catalog/product/m/a/mass-product-actions-for-magento-2.svg
Promo Banners M2,Display catchy promo banners on corresponding store pages to let customers be aware of all hot deals and specials you offer. Draw visitors' attention to specific products to trigger impulse purchases and increase an average order value.,https://amasty.com/promo-banners-for-magento-2.html,$169,4.8,Promotions,https://amasty.com/v1587658870/media/catalog/product/p/r/promo-banners-for-magento-2.svg
One Step Checkout M2,Supply your Magento 2 store with a user-friendly One Step Checkout to speed up the whole shopping process and heavily enhance customer satisfaction. Create converting checkout just in a few clicks to boost store revenue.,https://amasty.com/one-step-checkout-for-magento-2.html,$299,5,B2B Products,https://amasty.com/v1587666071/media/catalog/product/o/n/one-step-checkout-for-magento-2.svg
Quick View M2,Let customers preview product information and add necessary items to cart right from the quick view window on a category page. Speed up catalog browsing process to provide customers with positive shopping experience.,https://amasty.com/quick-view-for-magento-2.html,$149,4.5,Product Page Improvement,https://amasty.com/v1587651669/media/catalog/product/q/u/quick-view-for-magento-2.svg
Google Rich Snippets M2,Improve your search engine rankings with easy-to-set up Google rich snippets. Highlight necessary information in search results to increase your website visibility and draw highly targeted traffic to your store.,https://amasty.com/google-rich-snippets-for-magento-2.html,$129,4.8,SEO,https://amasty.com/v1587651669/media/catalog/product/g/o/google-rich-snippets-for-magento-2.svg
Product Parts Finder M2,Equip your store with an advanced search option. Let customers easily find necessary repair parts and components by placing year-make-model and other additional product filters on your website.,https://amasty.com/product-parts-finder-for-magento-2.html,$199,4.7,Navigation & Search,https://amasty.com/v1587651669/media/catalog/product/p/r/product-parts-finder-for-magento-2_1.svg
Order Attributes M2,Add an unlimited number of extra fields to your checkout page to easily collect and process additional order related data. Display all created order attributes on a handy backend grid to keep necessary information at hand.,https://amasty.com/order-attributes-for-magento-2.html,$199,4.5,Order Management,https://amasty.com/v1587651669/media/catalog/product/o/r/order-attributes-for-magento-2.svg
Advanced MSI M2,Easily split your inventory among multiple warehouses with Magento 2 Advanced MSI solution. Optimize your stock management and reduce delivery costs with a proper warehouse selection.,https://amasty.com/advanced-msi-for-magento-2.html,$349,4.7,Shipping,https://amasty.com/v1587651669/media/catalog/product/a/d/advanced-msi-for-magento-2.svg
Visual Merchandiser M2,The extension offers a wide range of options to customize product listing on category pages according to your marketing purposes.,https://amasty.com/visual-merchandiser-for-magento-2.html,$229,4.8,B2B Products,https://amasty.com/v1587666071/media/catalog/product/v/i/visual-merchandiser-for-magento-2.svg
Call for Price M2,"Replace the price with flexible options. Place a link with redirection or an image instead of the button. Select the group of customers and particular categories to display the 'Call for price' button to. Easily engage customers into more activity, asking to sign up and provide more feedback.",https://amasty.com/call-for-price-for-magento-2.html,$159,5,User Experience,https://amasty.com/v1587666071/media/catalog/product/c/a/call-for-price-for-magento-2.svg
Custom Form M2,Use this Magento 2 Form Builder to create web forms of various types to effectively collect customer info. Use a handy constructor to generate multiple forms in no time and customize each form to meet your needs. Extend functionality of your store with admin form validation feature.,https://amasty.com/custom-form-for-magento-2.html,$219,4.6,Customers' Data,https://amasty.com/v1587651669/media/catalog/product/c/u/custom-form-for-magento-2.svg
Sales Reps and Dealers M2,"Provide high-quality service and individual approach to each customer by including dealers in your business model. With this convenient tool, you can effectively manage the work of your sales reps and monitor their productivity.",https://amasty.com/sales-reps-and-dealers-for-magento-2.html,$189,5,B2B Products,https://amasty.com/v1587666071/media/catalog/product/s/a/sales-reps-and-dealers-for-magento-2.svg
Product Labels M2,"Highlight new arrivals, as well as special products and offers to immediately draw customers' attention and grow sales up to 55%. Automatically run several marketing campaigns at a time!",https://amasty.com/product-labels-for-magento-2.html,$199,4.8,Images & Media,https://amasty.com/v1587651669/media/catalog/product/p/r/product-labels-for-magento-2.svg
Product Option Templates M2,"Attract more customers to your store by providing multiple product variations with Magento 2 Custom Option. Create an unlimited number of custom option templates, and promptly assign them to your products in bulk.",https://amasty.com/custom-product-option-templates-for-magento-2.html,$199,4.5,Catalog Management,https://amasty.com/v1587666071/media/catalog/product/p/r/product-option-templates-for-magento-2.svg
(Pre-order) Quick Order M2,Boost B2B sales and increase repeated purchases with Magento 2 Quick Order extension. Enable buyers to quickly order multiple products without visiting numerous web store pages.,https://amasty.com/quick-order-for-magento-2.html,$75,null,Order Management,https://amasty.com/v1587651669/media/catalog/product/q/u/quick-order-for-magento-2.svg
SEO Toolkit M2,"SEO Toolkit is the all-in-one Magento 2 SEO Extension designed to make your store stand out in Google Search. Maximize your Magento SEO effectiveness: make your store more visible in search results, get more organic traffic, increase your customer flow.",https://amasty.com/seo-toolkit-for-magento-2.html,$249,4.9,B2B Products,https://amasty.com/v1587666071/media/catalog/product/s/e/seo-toolkit-for-magento-2.svg
Shipping Table Rates M2,"Create an unlimited number of flexible shipping methods with individual rates. Use combinations of a destination address, cart weight, order subtotal and price to accurately calculate shipping.",https://amasty.com/shipping-table-rates-for-magento-2.html,$199,4.7,Shipping,https://amasty.com/v1587651669/media/catalog/product/s/h/shipping-table-rates-for-magento-2.svg
Affiliate M2,"Run full-scale affiliate programs on your website to effectively drive sales from alternative channels. Provide affiliates with promo materials and detailed stats reports. Easily manage affiliate accounts, regulate commissions and track withdrawals.",https://amasty.com/affiliate-for-magento-2.html,$199,4.7,Promotions,https://amasty.com/v1587658870/media/catalog/product/a/f/affiliate-for-magento-2.svg
Cash on Delivery M2,Turn potential customers into regular with Magento 2 Cash on Delivery extension. Let customers make payment to a shipping carrier when receiving the good.,https://amasty.com/cash-on-delivery-for-magento-2.html,$99,4.7,Checkout,https://amasty.com/v1587651669/media/catalog/product/c/a/cash-on-delivery-for-magento-2.svg
Store Pickup with Locator M2,Enhance customers' loyalty by providing an additional shipping option with Magento 2 Store Pickup with Locator. Drive more sales attracting buyers to your brick-and-mortar stores with a complex solution.,https://amasty.com/store-pickup-with-locator-for-magento-2.html,$299,4,B2B Products,https://amasty.com/v1587666071/media/catalog/product/s/t/store-pickup-with-locator-for-magento-2.svg
Social Login M2,"Get more leads with social media. The extension aims to increase the number of registrations, improve customers' shopping experience, and collect consumers’ data just in one click.",https://amasty.com/social-login-for-magento-2.html,$199,4.5,User Experience,https://amasty.com/v1587666071/media/catalog/product/s/o/social-login-for-magento-2.svg
Shipping Restrictions M2,"Restrict shipping methods using various product, cart and customer parameters. Make your shipping process both legal and cost-effective.",https://amasty.com/shipping-restrictions-for-magento-2.html,$159,4.8,Shipping,https://amasty.com/v1587651669/media/catalog/product/s/h/shipping-restrictions-for-magento-2_1.svg
Blog Pro M2,Drive more target audience to your store with Magento 2 Blog Pro extension. Enhance your promotional efforts with the powerful content marketing solution.,https://amasty.com/blog-pro-for-magento-2.html,$349,4.6,Promotions,https://amasty.com/v1587658870/media/catalog/product/b/l/blog-pro-for-magento-2_1.svg
Product Attachments M2,"Let customers get more details about products they purchase. Provide them with accurate manuals, licenses, warranties and other additional info right on product pages. Upload files of any format and use catchy icons to capture customers' attention with Magento 2 Product Attachments.",https://amasty.com/product-attachments-for-magento-2.html,$149,4.8,Product Page Improvement,https://amasty.com/v1587651669/media/catalog/product/p/r/product-attachments-for-magento-2.svg
FAQ and Product Questions M2,Equip product pages with the advanced SEO-optimized FAQ section in Magento 2. Transform guests to customers by displaying well-organized info on products and services.,https://amasty.com/faq-and-product-questions-for-magento-2.html,$199,4.8,Product Page Improvement,https://amasty.com/v1587651669/media/catalog/product/f/a/faq-and-product-questions-for-magento-2.svg
Store Credit & Refund M2,"Turn refunds into revenue, apply the automated return system to scale up sales. Thank customers for shopping in your store with credit and build their loyalty.",https://amasty.com/store-credit-and-refund-for-magento-2.html,$149,4.7,Customers' Data,https://amasty.com/v1587651669/media/catalog/product/s/t/store-credit-_-refund-for-magento-2.svg
Custom Checkout Fields M2,This extension helps you to perform Magento 2 checkout customization by adding extra fields of various types. Gather comprehensive order data in a convenient way both for customers and admins. Smoothly manage info in custom input forms using the order grid.,https://amasty.com/magento-2-custom-checkout-fields.html,$199,4.6,Order Management,https://amasty.com/v1587651669/media/catalog/product/c/u/custom-checkout-field-for-magento-2.svg
Promotions Manager M2,Simplify promotion management process with the expanded price rules grid. Now you can cut the time on promotion-related tasks by using additional actions and columns.,https://amasty.com/promotions-manager-for-magento-2.html,$49,null,Promotions,https://amasty.com/v1587658870/media/catalog/product/p/r/promotions-manager-for-magento-2.svg
Reward Points M2,Encourage customers to purchase more and return to your store by implementing an effective loyalty program with Magento 2 Reward Points extension. Easily turn occasional website visitors into loyal customers.,https://amasty.com/reward-points-for-magento-2.html,$299,4.5,Promotions,https://amasty.com/v1587658870/media/catalog/product/r/e/reward-points-for-magento-2.svg
Import and Export M2,"Import and Export for Magento 2 is an all-in-one tool for a convenient store data migration, smooth connection with the ERP/CRM systems and making regular stock updates. The extension allows you to import/export any existing entity to/from Magento.",https://amasty.com/import-and-export-for-magento-2.html,null,null,Order Management,https://amasty.com/v1587651669/media/catalog/product/i/m/import-and-export-for-m2-for-magento-2.svg
Abandoned Cart Email M2,Augment sales revenue by the increased number of completed orders. Return lost revenue by automatically sending catchy reminders. Enhance customer loyalty by offering discount coupons.,https://amasty.com/abandoned-cart-email-for-magento-2.html,$149,4.9,Promotions,https://amasty.com/v1587658870/media/catalog/product/a/b/abandoned-cart-email-for-magento-2.svg
GeoIP Redirect M2,"Automatically redirect customers, change currency and language depending on visitors’ location. Use Magento 2 GeoIP extension to expand your business across other countries without creating a separate store.",https://amasty.com/geoip-redirect-for-magento-2.html,$179,4.5,Navigation & Search,https://amasty.com/v1587651669/media/catalog/product/g/e/geoip-redirect-for-magento-2.svg
Stripe Payment M2,Provide your customers with a safe and seamless payment experience. Let your customers pay via a wide range of payment methods with no need to implement a custom integration endpoint for each one.,https://amasty.com/stripe-payment-for-magento-2.html,$199,5,Order Management,https://amasty.com/v1587651669/media/catalog/product/s/t/stripe-payment-for-magento-2.svg
Instagram Feed M2,Attract target audience to your website and boost revenue with Magento 2 Instagram Feed extension. Integrate eye-catching Instagram pictures to effortlessly create a trendy look for a website.,https://amasty.com/instagram-feed-for-magento-2.html,$149,4.7,Images & Media,https://amasty.com/v1587651669/media/catalog/product/i/n/instagram-feed-for-magento-2.svg
Automation Rules for RMA (Add-On) M2,Speed up the processing of RMA requests and reduce the load on your admins with RMA Automation Rules add-on.,https://amasty.com/automation-rules-add-on-for-rma-for-magento-2.html,$79,4.7,Add-ons,https://amasty.com/v1587651669/media/catalog/product/a/d/add-on-automation-rules-for-rma-for-magento-2_2.svg
Security Suite M2,Employ Magento 2 Security Suite extension to ensure your webstore protection from hacker attacks and other malicious security threats. Enhance store management performance getting full visibility of all backend activities.,https://amasty.com/security-suite-for-magento-2.html,$399,4.7,B2B Products,https://amasty.com/v1587666071/media/catalog/product/s/e/security-suite-for-magento-2.svg
PDF Customizer M2,"Easily create custom invoices without any programming skills with Magento 2 PDF Invoice. Save your time on converting HTML code to PDF templates to send invoices, orders, shipments and credit memos to your customers.",https://amasty.com/pdf-customizer-for-magento-2.html,$199,4.7,Order Management,https://amasty.com/v1587651669/media/catalog/product/p/d/pdf-customizer-for-magento-2.svg
Reindex from Admin M2,Reduce time on keeping your store data up-to-date. Prevent the store from lags and cart abandonments in one click without developers' help.,https://amasty.com/reindex-from-admin-for-magento-2.html,$69,4.8,User Experience,https://amasty.com/v1587666071/media/catalog/product/r/e/reindex-from-admin-for-magento-2.svg
Lazy Load M2,Speed up the loading time of your site pages with Magento 2 Lazy Load. Improve your site performance by loading product images by demand!,https://amasty.com/lazy-load-for-magento-2.html,$259,null,SEO,https://amasty.com/v1587651669/media/catalog/product/l/a/lazy-load-for-magento-2.svg
Multiple Coupons M2,Increase customer loyalty by enabling registered clients and guest visitors use numerous discount coupons for one order.,https://amasty.com/multiple-coupons-for-magento-2.html,$139,4.5,Promotions,https://amasty.com/v1587658870/media/catalog/product/m/u/multiple-coupons-for-magento-2.svg
Visual Merchandiser M2,The extension offers a wide range of options to customize product listing on category pages according to your marketing purposes.,https://amasty.com/visual-merchandiser-for-magento-2.html,$229,4.8,Catalog Management,https://amasty.com/v1587666071/media/catalog/product/v/i/visual-merchandiser-for-magento-2.svg
Pre Order M2,Drive sales for out of stock or just announced products! Allow buyers to easily pre order or backorder goods that are unavailable for immediate delivery. Get a powerful marketing research tool to analyze customers’ demands.,https://amasty.com/pre-order-for-magento-2.html,$189,4.8,Order Management,https://amasty.com/v1587651669/media/catalog/product/p/r/pre-order-for-magento-2.svg
Cross-Sell / Upsell Products M2,"Increase trust in your shop by delivering offers with a higher value to customers. Use Magento 2 Cross Sells extension to increase the number of spontaneous purchases, average cart value, total sales and customer satisfaction.",https://amasty.com/magento-2-upsell-cross-sell-extension.html,$299,4.5,User Experience,https://amasty.com/v1587666071/media/catalog/product/u/p/upsell-cross-sell-extension-for-magento-2.svg
Advanced MSI M2,Easily split your inventory among multiple warehouses with Magento 2 Advanced MSI solution. Optimize your stock management and reduce delivery costs with a proper warehouse selection.,https://amasty.com/advanced-msi-for-magento-2.html,$349,4.7,Catalog Management,https://amasty.com/v1587666071/media/catalog/product/a/d/advanced-msi-for-magento-2.svg
Google Page Speed Optimizer M2,Magento 2 Speed Optimization improves web pages performance in order to place your store at the top of Google search rating. Boost your webstore traffic by the speed optimization and get an endless stream of new visitors!,https://amasty.com/google-page-speed-optimizer-for-magento-2.html,$259,4.9,Images & Media,https://amasty.com/v1587651669/media/catalog/product/g/o/google-page-speed-optimizer-for-magento-2.svg
Cross Linking M2,"With the Magento Cross Linking plugin, it becomes easier to improve information architecture of your web store to meet the highest requirements of both Google and your customers. Replace the extended keywords with internal and external links to increase the SEO value of your store.",https://amasty.com/cross-linking-for-magento-2.html,$109,5,SEO,https://amasty.com/v1587651669/media/catalog/product/c/r/cross-linking-for-magento-2.svg
Efficient Order Export M2,"Easily manage orders export. Configure flexible export profiles and gather all valuable order data, including the data generated by third-party extensions.",https://amasty.com/efficient-order-export-for-magento-2.html,$199,4.5,Order Management,https://amasty.com/v1587651669/media/catalog/product/e/f/efficient-order-export-for-magento-2_1.svg
